mobile,386,24,334,547,1.jpg,920,613
mobile,388,146,232,172,2.jpg,620,330
mobile,137,170,184,92,2.jpg,620,330
mobile,368,84,135,53,2.jpg,620,330
mobile,178,88,759,459,3.jpg,1298,728
mobile,116,6,367,343,4.jpg,605,363
mobile,249,31,863,737,5.jpg,1200,800
mobile,80,99,596,235,6.jpg,768,432
mobile,492,0,1016,1986,7.jpg,2000,2000
mobile,137,72,627,468,8.jpg,920,613
mobile,478,0,1016,1996,9.jpg,2000,2000
mobile,388,18,324,582,10.jpg,920,613
mobile,205,37,830,584,11.jpg,1141,641
mobile,770,480,1825,1327,12.jpg,3840,2160
mobile,235,202,331,175,14.jpg,799,533
mobile,166,84,306,158,15.jpg,650,421
mobile,289,128,589,306,16.jpg,1150,575
mobile,341,187,649,374,17.jpg,1280,720
mobile,59,34,205,98,18.jpg,314,160
mobile,670,249,332,213,19.jpg,1400,933
mobile,355,56,209,161,20.jpg,825,350
mobile,80,52,134,71,21.jpg,300,168
mobile,270,145,349,197,22.jpg,728,455
mobile,217,145,560,286,23.jpg,920,613
mobile,326,149,637,398,24.jpg,1280,720
mobile,312,45,164,335,25.jpg,800,417
mobile,604,581,2854,1259,29.jpg,4000,2667
mobile,105,72,145,92,30.jpg,254,199
mobile,465,275,331,369,32.jpg,1100,792
mobile,501,287,104,163,33.jpg,768,513
mobile,483,20,364,690,34.jpg,1280,720
mobile,97,4,305,469,35.jpg,500,500
mobile,253,19,490,944,36.jpg,1000,1000
mobile,134,27,228,448,37.jpg,500,500
mobile,250,476,1,2,37.jpg,500,500
mobile,201,45,389,714,38.jpg,800,800
mobile,270,38,265,539,39.jpg,800,613
mobile,8,7,615,825,40.jpg,623,832
mobile,118,3,264,494,41].jpg,500,500
mobile,134,89,323,636,42.jpg,1000,886
mobile,542,98,309,631,42.jpg,1000,886
mobile,173,0,865,1721,43.jpg,1128,1746
mobile,119,28,564,744,44.jpg,800,800
mobile,150,1,302,578,45.jpg,600,600
mobile,193,23,399,766,46.jpg,800,800
mobile,75,4,407,510,47.jpg,522,522
mobile,132,48,248,506,48.jpg,510,600
mobile,236,51,322,694,49.jpg,800,800
mobile,19,0,144,276,50.jpg,180,279
mobile,107,23,296,571,51.jpg,510,615
mobile,367,4,362,713,52.jpg,1100,730
mobile,12,0,195,383,53.jpg,220,388
mobile,245,37,231,413,54.jpg,700,500
mobile,75,26,122,250,55.jpg,267,300
mobile,105,32,241,358,56.jpg,500,500
mobile,200,402,73,73,57.jpg,900,649
mobile,355,402,109,79,57.jpg,900,649
mobile,394,59,411,192,58.jpg,808,303
mobile,164,95,708,498,59.jpg,1024,683
mobile,62,270,65,80,60.jpg,768,512
mobile,380,328,85,99,61.jpg,816,1300
mobile,67,176,225,113,62.jpg,620,330
mobile,56,24,149,88,62.jpg,620,330
mobile,244,57,43,40,63.jpg,340,500
mobile,92,52,41,40,64.jpg,338,470
mobile,265,275,57,51,65.jpg,626,429
mobile,749,293,115,422,66.jpg,1600,1309
mobile,40,29,141,279,67.jpg,220,337
mobile,186,66,52,42,68.jpg,334,500
mobile,1007,894,184,114,69.jpg,1600,1198
mobile,292,338,100,74,70.jpg,800,448
mobile,116,352,175,210,71.jpg,1100,825
mobile,966,342,119,214,71.jpg,1100,825
mobile,401,208,128,115,72.jpg,1024,576
mobile,501,342,131,139,73.jpg,968,681
mobile,243,366,107,141,73.jpg,968,681
mobile,105,7,75,126,74.jpg,640,340
mobile,740,213,410,788,75.jpg,1920,1280
mobile,42,53,72,76,76.jpg,262,192
mobile,17,115,26,26,77.jpg,320,213
mobile,216,139,22,17,77.jpg,320,213
mobile,350,524,61,71,78.jpg,1300,866
mobile,616,377,74,81,78.jpg,1300,866
mobile,993,383,83,51,78.jpg,1300,866
mobile,94,43,90,107,79.jpg,275,183
mobile,126,111,75,31,80.jpg,275,183
mobile,975,688,100,89,81.jpg,2048,1536
mobile,323,183,120,64,82.jpg,770,433
mobile,422,46,94,54,82.jpg,770,433
mobile,599,198,113,79,82.jpg,770,433
mobile,418,337,73,96,82.jpg,770,433
mobile,184,244,66,99,82.jpg,770,433
mobile,33,228,109,66,82.jpg,770,433
mobile,157,207,62,93,83.jpg,850,478
mobile,369,223,52,83,83.jpg,850,478
mobile,601,170,63,45,83.jpg,850,478
mobile,787,97,54,41,83.jpg,850,478
mobile,38,221,32,41,83.jpg,850,478
mobile,338,467,75,48,84.jpg,1020,576
mobile,731,471,75,42,84.jpg,1020,576
mobile,18,140,564,473,85.jpg,1000,770
mobile,196,191,38,62,86.jpg,980,284
mobile,250,175,46,50,86.jpg,980,284
mobile,499,200,37,44,86.jpg,980,284
mobile,622,140,44,53,86.jpg,980,284
mobile,794,153,34,57,86.jpg,980,284
mobile,89,128,28,26,87.jpg,640,360
mobile,207,123,21,26,87.jpg,640,360
mobile,326,125,19,25,87.jpg,640,360
mobile,435,110,23,32,87.jpg,640,360
mobile,541,122,15,26,87.jpg,640,360
mobile,333,114,162,147,88.jpg,700,464
mobile,397,199,388,249,89.jpg,1092,729
mobile,66,106,234,125,90.jpg,744,403
mobile,390,62,245,247,90.jpg,744,403
mobile,507,82,457,854,91.jpg,1400,950
mobile,490,235,90,117,92.jpg,643,482
mobile,51,128,79,132,92.jpg,643,482
mobile,118,166,115,59,93.jpg,640,257
mobile,143,322,43,50,94.jpg,890,501
mobile,45,305,59,35,94.jpg,890,501
mobile,512,318,80,45,94.jpg,890,501
mobile,412,285,58,52,94.jpg,890,501
mobile,702,365,64,61,94.jpg,890,501
mobile,253,146,24,39,95.jpg,347,280
mobile,133,125,35,34,95.jpg,347,280
mobile,748,243,280,194,96.jpg,1300,957
mobile,108,163,32,31,97.jpg,450,300
mobile,188,129,24,30,97.jpg,450,300
mobile,246,144,28,24,97.jpg,450,300
mobile,367,121,20,29,97.jpg,450,300
mobile,753,163,329,506,98.jpg,1620,1080
mobile,92,47,136,62,99.jpg,275,183
mobile,63,86,72,48,100.jpg,275,183
mobile,349,327,97,42,101.jpg,678,381
mobile,118,132,29,33,102.jpg,276,183
mobile,76,128,22,38,102.jpg,276,183
mobile,61,213,99,54,104.jpg,640,369
mobile,238,224,60,35,104.jpg,640,369
mobile,263,284,89,44,104.jpg,640,369
mobile,447,223,65,38,104.jpg,640,369
mobile,546,112,57,36,104.jpg,640,369
mobile,260,118,30,20,104.jpg,640,369
mobile,198,118,48,26,104.jpg,640,369
mobile,157,109,35,22,104.jpg,640,369
mobile,32,99,38,20,104.jpg,640,369
mobile,57,119,68,73,104.jpg,640,369
mobile,352,75,32,18,104.jpg,640,369
mobile,558,70,22,14,104.jpg,640,369
mobile,329,152,57,45,104.jpg,640,369
mobile,269,155,60,57,104.jpg,640,369
mobile,161,60,37,23,104.jpg,640,369
mobile,607,193,32,37,104.jpg,640,369
mobile,362,103,25,42,104.jpg,640,369
mobile,456,66,32,34,104.jpg,640,369
mobile,266,233,64,78,105.jpg,1200,420
mobile,417,308,71,78,105.jpg,1200,420
mobile,654,368,65,40,105.jpg,1200,420
mobile,805,281,85,96,105.jpg,1200,420
mobile,923,240,91,98,105.jpg,1200,420
mobile,129,264,51,45,106.jpg,1300,912
mobile,311,267,50,42,106.jpg,1300,912
mobile,541,243,45,51,106.jpg,1300,912
mobile,747,244,51,43,106.jpg,1300,912
mobile,956,272,42,58,106.jpg,1300,912
mobile,1141,285,51,48,106.jpg,1300,912
mobile,116,40,65,66,107.jpg,293,172
mobile,2,3,78,24,107.jpg,293,172
mobile,702,1002,246,336,108.jpg,4254,2831
mobile,2107,1343,236,261,108.jpg,4254,2831
mobile,3251,1057,201,316,108.jpg,4254,2831
mobile,86,152,268,160,109.jpg,960,641
mobile,174,382,292,445,110.jpg,1600,1067
mobile,945,446,438,389,110.jpg,1600,1067
mobile,173,290,456,382,111.jpg,1200,771
mobile,605,316,98,171,112.jpg,881,585
mobile,353,42,203,221,113.jpg,880,453
mobile,187,193,110,171,114.jpg,634,423
mobile,308,110,40,105,115.jpg,767,431
mobile,416,203,72,95,115.jpg,767,431
mobile,10,182,41,48,116.jpg,426,280
mobile,60,168,42,45,116.jpg,426,280
mobile,115,186,42,24,116.jpg,426,280
mobile,166,211,46,34,116.jpg,426,280
mobile,214,164,46,47,116.jpg,426,280
mobile,266,164,50,48,116.jpg,426,280
mobile,318,166,40,48,116.jpg,426,280
mobile,378,221,38,26,116.jpg,426,280
mobile,717,793,195,192,117.jpg,1414,1414
mobile,0,703,546,268,118.jpg,2048,1133
mobile,522,362,558,217,118.jpg,2048,1133
mobile,516,384,116,167,119.jpg,1240,827
mobile,88,76,63,42,120.jpg,610,280
mobile,251,43,64,38,120.jpg,610,280
mobile,360,148,65,37,120.jpg,610,280
mobile,188,99,50,79,121.jpg,410,230
mobile,234,953,249,234,122.jpg,1885,1414
mobile,1601,683,284,332,122.jpg,1885,1414
mobile,184,281,89,72,123.jpg,1200,403
mobile,447,317,76,65,123.jpg,1200,403
mobile,655,300,64,65,123.jpg,1200,403
mobile,937,277,100,82,123.jpg,1200,403
mobile,480,181,121,60,124.jpg,1280,720
mobile,438,552,518,287,125.jpg,1600,1139
mobile,389,464,174,150,126.jpg,1300,956
mobile,0,561,227,89,126.jpg,1300,956
mobile,803,669,428,145,126.jpg,1300,956
mobile,432,140,178,263,127.jpg,615,409
mobile,641,78,57,81,128.jpg,1200,630
mobile,157,193,109,163,129.jpg,660,371
mobile,101,7,80,139,130.jpg,275,183
mobile,208,214,84,141,131.jpg,1000,760
mobile,58,197,83,138,131.jpg,1000,760
mobile,406,370,92,103,131.jpg,1000,760
mobile,369,0,358,469,132.jpg,1200,630
mobile,103,76,108,189,133.jpg,530,353
mobile,343,286,133,158,134.jpg,800,450
mobile,42,101,28,52,135.jpg,650,366
mobile,195,116,28,49,135.jpg,650,366
mobile,359,129,23,41,135.jpg,650,366
mobile,547,195,21,31,135.jpg,650,366
mobile,396,6,122,230,136.jpg,618,410
mobile,91,200,142,117,137.jpg,634,423
mobile,854,513,201,105,138.jpg,1300,957
mobile,301,334,93,121,139.jpg,960,640
mobile,770,854,254,213,140.jpg,1920,1280
mobile,700,438,72,63,141.jpg,1280,720
mobile,685,599,57,41,142.jpg,1280,720
mobile,703,589,42,33,143.jpg,1280,720
mobile,709,583,54,38,144.jpg,1280,720
mobile,712,510,42,32,145.jpg,1280,720
mobile,655,418,48,83,146.jpg,1280,720
mobile,661,441,47,80,147.jpg,1280,720
mobile,694,436,85,50,148.jpg,1280,720
mobile,631,379,57,94,149.jpg,1280,720
mobile,705,486,72,66,150.jpg,1280,720
mobile,688,468,53,72,151.jpg,1280,720
mobile,691,466,51,74,152.jpg,1280,720
mobile,687,466,60,75,153.jpg,1280,720
mobile,688,462,56,85,156.jpg,1280,720
mobile,691,472,59,68,157.jpg,1280,720
mobile,705,453,53,78,158.jpg,1280,720
mobile,706,474,72,63,159.jpg,1280,720
mobile,697,456,89,56,160.jpg,1280,720
mobile,691,453,94,65,161.jpg,1280,720
mobile,803,365,60,95,162.jpg,1280,720
mobile,785,397,60,91,163.jpg,1280,720
mobile,782,411,62,107,164.jpg,1280,720
mobile,779,423,60,97,165.jpg,1280,720
mobile,767,269,53,83,166.jpg,1280,720
mobile,755,257,72,77,167.jpg,1280,720
mobile,688,460,78,60,168.jpg,1280,720
mobile,628,249,85,109,169.jpg,1280,720
mobile,611,338,71,112,170.jpg,1280,720
mobile,694,438,74,50,171.jpg,1280,720
mobile,688,438,83,59,172.jpg,1280,720
mobile,694,371,91,66,173.jpg,1280,720
mobile,691,435,85,50,174.jpg,1280,720
mobile,626,285,53,104,175.jpg,1280,720
mobile,652,318,74,95,176.jpg,1280,720
mobile,654,328,54,101,177.jpg,1280,720
mobile,681,444,62,72,179.jpg,1280,720
mobile,634,395,53,83,181.jpg,1280,720
mobile,660,454,113,65,182.jpg,1280,720
mobile,631,238,82,121,183.jpg,1280,720
mobile,626,267,92,115,184.jpg,1280,720
mobile,613,347,71,97,185.jpg,1280,720
mobile,617,343,60,91,186.jpg,1280,720
mobile,688,489,66,53,187.jpg,1280,720
mobile,685,592,57,50,188.jpg,1280,720
mobile,281,220,92,84,189.jpg,612,408